Location,Month,Model,RMSE,MAE
Malaybalay,Jan,ARIMA,67.20861114024355,64.55946003948584
Malaybalay,Jan,LSTM,197.88770686232806,169.59954325358072
Malaybalay,Jan,GRU,206.67378648755906,180.1464080810547
Malaybalay,Jan,LSTM-GRU,198.7817679820186,170.60857137044272
Malaybalay,Jan,BiLSTM,197.83637236535418,169.47949727376303
Malaybalay,Jan,Transformer,222.07482810700435,197.63855997721353
Malaybalay,Feb,ARIMA,27.613375932272206,23.876243967136876
Malaybalay,Feb,LSTM,113.64680257835765,100.11851399739584
Malaybalay,Feb,GRU,116.99768900117026,103.86832071940104
Malaybalay,Feb,LSTM-GRU,114.58120912642416,101.27273712158204
Malaybalay,Feb,BiLSTM,114.07875683769514,100.15826314290365
Malaybalay,Feb,Transformer,119.48676555842661,106.6791473388672
Malaybalay,Mar,ARIMA,46.43294662888221,27.717650854853726
Malaybalay,Mar,LSTM,53.059192682872336,32.78915659586588
Malaybalay,Mar,GRU,55.500005174029845,33.92080841064453
Malaybalay,Mar,LSTM-GRU,54.887313292737794,33.76669565836588
Malaybalay,Mar,BiLSTM,54.516492239325146,32.68439229329427
Malaybalay,Mar,Transformer,60.70665494328784,41.70646311442058
Malaybalay,Apr,ARIMA,14.312855269735822,9.9421669045232
Malaybalay,Apr,LSTM,98.96291064440848,74.87862904866536
Malaybalay,Apr,GRU,97.3689926127024,72.14376576741536
Malaybalay,Apr,LSTM-GRU,100.56040637616644,75.92189534505208
Malaybalay,Apr,BiLSTM,99.94698320960119,76.13836415608723
Malaybalay,Apr,Transformer,76.48199255147777,55.31244659423828
Malaybalay,May,ARIMA,166.74753285188243,109.47833871730761
Malaybalay,May,LSTM,208.4114542189978,178.71794840494792
Malaybalay,May,GRU,213.76959874343257,183.83244527180992
Malaybalay,May,LSTM-GRU,206.1652052181297,177.29912516276042
Malaybalay,May,BiLSTM,208.27843455035168,178.4701151529948
Malaybalay,May,Transformer,210.77277850055955,179.23993123372395
Malaybalay,Jun,ARIMA,236.55370699221098,197.33687768200537
Malaybalay,Jun,LSTM,54.847339620904066,44.372794596354176
Malaybalay,Jun,GRU,56.15469816312074,45.932293701171886
Malaybalay,Jun,LSTM-GRU,55.27622585575154,46.026043701171886
Malaybalay,Jun,BiLSTM,56.58717701561249,48.98409220377605
Malaybalay,Jun,Transformer,63.51332035977975,56.73675740559897
Malaybalay,Jul,ARIMA,259.0995218549385,214.6901609859749
Malaybalay,Jul,LSTM,116.06702819414626,96.97166748046874
Malaybalay,Jul,GRU,116.70339509795859,94.18768107096354
Malaybalay,Jul,LSTM-GRU,119.24982691351713,95.83906860351561
Malaybalay,Jul,BiLSTM,116.64525608851488,94.98323364257811
Malaybalay,Jul,Transformer,130.58505254218258,110.15486246744791
Malaybalay,Aug,ARIMA,210.56475290028627,134.43002323250425
Malaybalay,Aug,LSTM,157.16615590117667,122.41625569661458
Malaybalay,Aug,GRU,158.72722238727513,120.53863118489583
Malaybalay,Aug,LSTM-GRU,157.37593686767033,117.96715901692708
Malaybalay,Aug,BiLSTM,153.9565549777553,119.40630696614583
Malaybalay,Aug,Transformer,163.69396432474423,120.36377360026042
Malaybalay,Sep,ARIMA,198.06206519228178,142.6353310691593
Malaybalay,Sep,LSTM,88.00704359629495,59.337957763671874
Malaybalay,Sep,GRU,89.41976953599978,60.7797607421875
Malaybalay,Sep,LSTM-GRU,85.463977025518,57.74310099283853
Malaybalay,Sep,BiLSTM,90.99474651050522,63.23616129557291
Malaybalay,Sep,Transformer,76.26509718607622,53.564888509114574
Malaybalay,Oct,ARIMA,255.16060768521658,196.25081857685265
Malaybalay,Oct,LSTM,109.38418629963088,90.02464803059895
Malaybalay,Oct,GRU,86.20795243967035,64.1883015950521
Malaybalay,Oct,LSTM-GRU,102.49361928596323,81.599365234375
Malaybalay,Oct,BiLSTM,101.84830763260679,80.05795288085938
Malaybalay,Oct,Transformer,74.47715895633809,61.242816162109385
Malaybalay,Nov,ARIMA,90.79485744224638,54.458153167929005
Malaybalay,Nov,LSTM,72.2599279543457,72.1746337890625
Malaybalay,Nov,GRU,69.93902896230101,69.90892232259114
Malaybalay,Nov,LSTM-GRU,70.17004663331188,70.0635498046875
Malaybalay,Nov,BiLSTM,70.65692197539309,70.62568868001301
Malaybalay,Nov,Transformer,73.33805683111487,72.93537089029947
Malaybalay,Dec,ARIMA,226.73012048874074,199.2851448844774
Malaybalay,Dec,LSTM,142.63427989323435,131.1271708170573
Malaybalay,Dec,GRU,144.78348901959205,131.57513071695965
Malaybalay,Dec,LSTM-GRU,143.30931375240775,130.9797607421875
Malaybalay,Dec,BiLSTM,143.0682932917617,132.46332702636718
Malaybalay,Dec,Transformer,151.70286440297312,134.02066192626953
Lumbia,Jan,ARIMA,11.666279486983164,10.99461800974368
Lumbia,Jan,LSTM,82.70325566104451,77.53982645670574
Lumbia,Jan,GRU,82.8546515941679,74.01368306477865
Lumbia,Jan,LSTM-GRU,82.88083929728192,76.87559611002605
Lumbia,Jan,BiLSTM,86.63126793984905,68.01671956380208
Lumbia,Jan,Transformer,97.78269814032818,94.20591074625652
Lumbia,Feb,ARIMA,78.09699043819204,60.27503167616603
Lumbia,Feb,LSTM,62.6626480884827,54.87727355957031
Lumbia,Feb,GRU,59.221649408546,52.525769551595054
Lumbia,Feb,LSTM-GRU,62.79797869657344,55.23869069417318
Lumbia,Feb,BiLSTM,63.269370204407515,55.60804748535156
Lumbia,Feb,Transformer,69.88617686363442,63.129478454589844
Lumbia,Mar,ARIMA,8.569761629967875,7.547500980285249
Lumbia,Mar,LSTM,56.44738243503086,46.7118278503418
Lumbia,Mar,GRU,53.861659558736974,43.692525482177736
Lumbia,Mar,LSTM-GRU,53.446820192493874,43.150979614257814
Lumbia,Mar,BiLSTM,54.94980502548159,44.816748555501306
Lumbia,Mar,Transformer,53.049066190586274,42.75544255574545
Lumbia,Apr,ARIMA,15.72288049423097,15.23326188650244
Lumbia,Apr,LSTM,22.332552798581,21.03795166015625
Lumbia,Apr,GRU,23.374370640474265,22.166222127278644
Lumbia,Apr,LSTM-GRU,23.608032184530078,22.37234420776367
Lumbia,Apr,BiLSTM,23.832953583310815,22.66909968058268
Lumbia,Apr,Transformer,23.950355721452283,23.12818832397461
Lumbia,May,ARIMA,114.28283517875485,77.08029178538409
Lumbia,May,LSTM,32.85192388128903,26.44956461588541
Lumbia,May,GRU,37.75006129138039,31.580698649088536
Lumbia,May,LSTM-GRU,33.546921398138785,26.973276774088536
Lumbia,May,BiLSTM,30.377489745385034,23.736012776692704
Lumbia,May,Transformer,46.745622787185845,36.750747680664055
Lumbia,Jun,ARIMA,199.90243955898694,151.10147463543188
Lumbia,Jun,LSTM,70.34328982928919,60.72049662272135
Lumbia,Jun,GRU,69.24719177872028,58.81608784993489
Lumbia,Jun,LSTM-GRU,69.76941449268772,60.52237650553385
Lumbia,Jun,BiLSTM,70.27282694788548,61.012849934895826
Lumbia,Jun,Transformer,71.19380942609278,63.53435465494791
Lumbia,Jul,ARIMA,163.59881337407094,119.25727934109828
Lumbia,Jul,LSTM,40.781459254646514,34.04344380696614
Lumbia,Jul,GRU,47.33833773131379,35.98647257486979
Lumbia,Jul,LSTM-GRU,43.915336900092115,37.86175740559895
Lumbia,Jul,BiLSTM,43.18863068150048,34.54024963378905
Lumbia,Jul,Transformer,46.67267689749375,46.58564453124999
Lumbia,Aug,ARIMA,113.49985326596283,103.44504368745133
Lumbia,Aug,LSTM,28.162629151768808,26.727013142903655
Lumbia,Aug,GRU,28.969199373361196,26.634321085611987
Lumbia,Aug,LSTM-GRU,27.940305750768392,26.43641459147136
Lumbia,Aug,BiLSTM,27.030840284397172,25.49004923502605
Lumbia,Aug,Transformer,29.465616434524314,26.349098714192717
Lumbia,Sep,ARIMA,229.2261543487577,220.38756906840717
Lumbia,Sep,LSTM,46.952740670915205,38.24305725097656
Lumbia,Sep,GRU,42.917847964690566,34.48233540852865
Lumbia,Sep,LSTM-GRU,47.12941968449179,38.05187479654948
Lumbia,Sep,BiLSTM,45.39599794142311,37.097869873046875
Lumbia,Sep,Transformer,30.01389987291911,25.61907450358073
Lumbia,Oct,ARIMA,113.62242368980942,102.47789494189686
Lumbia,Oct,LSTM,10.163395102353073,9.895977783203127
Lumbia,Oct,GRU,15.734992480693366,12.22204793294271
Lumbia,Oct,LSTM-GRU,11.347334916420543,8.854270426432294
Lumbia,Oct,BiLSTM,10.366103958483631,9.593940226236981
Lumbia,Oct,Transformer,20.42628059556784,17.228646850585932
Lumbia,Nov,ARIMA,73.17699094978313,65.97334681382269
Lumbia,Nov,LSTM,64.93462247479106,56.857328287760424
Lumbia,Nov,GRU,63.04759537819411,55.29590657552084
Lumbia,Nov,LSTM-GRU,66.57410735262519,58.750140380859385
Lumbia,Nov,BiLSTM,60.978176096133716,54.02891337076824
Lumbia,Nov,Transformer,57.96588318894928,48.276578776041674
Lumbia,Dec,ARIMA,97.94424967284466,94.28704952716699
Lumbia,Dec,LSTM,150.05244478577066,138.17596893310548
Lumbia,Dec,GRU,147.1176224867117,136.02566731770835
Lumbia,Dec,LSTM-GRU,147.240821123001,136.0547073364258
Lumbia,Dec,BiLSTM,149.3161361209224,137.5563959757487
Lumbia,Dec,Transformer,149.3566914309049,137.62470703125
Kisolon,Jan,ARIMA,220.9395538343642,208.8336248709189
Kisolon,Jan,LSTM,49.98623152238827,49.33875528971354
Kisolon,Jan,GRU,49.70178136897481,49.673876444498696
Kisolon,Jan,LSTM-GRU,51.352013391478316,51.30693054199219
Kisolon,Jan,BiLSTM,49.93119390219496,49.43336741129557
Kisolon,Jan,Transformer,48.0692475881357,46.59298960367838
Kisolon,Feb,ARIMA,56.86453217939887,48.23751729591836
Kisolon,Feb,LSTM,66.83149226256418,55.560157775878906
Kisolon,Feb,GRU,66.98408614750434,56.27155558268229
Kisolon,Feb,LSTM-GRU,67.51929304469034,56.64605204264323
Kisolon,Feb,BiLSTM,66.6402450615873,55.56963602701823
Kisolon,Feb,Transformer,70.30266942675777,57.40147145589193
Kisolon,Mar,ARIMA,74.03418882369967,69.82261806534325
Kisolon,Mar,LSTM,36.95946662229812,34.03805287679037
Kisolon,Mar,GRU,30.077558933925488,27.2930425008138
Kisolon,Mar,LSTM-GRU,32.414046852829415,29.76378885904948
Kisolon,Mar,BiLSTM,36.299912416752285,33.68479665120443
Kisolon,Mar,Transformer,20.34305871296234,17.19353993733724
Kisolon,Apr,ARIMA,97.28781550144541,93.57978672741628
Kisolon,Apr,LSTM,97.50445438292375,97.15523020426433
Kisolon,Apr,GRU,100.40304215092843,100.11455790201823
Kisolon,Apr,LSTM-GRU,96.32905078926328,96.11220296223958
Kisolon,Apr,BiLSTM,100.44861718183397,100.12559763590495
Kisolon,Apr,Transformer,86.79527051879019,86.43737030029297
Kisolon,May,ARIMA,127.0224672868822,74.11790232405474
Kisolon,May,LSTM,94.48531166147997,79.70637512207031
Kisolon,May,GRU,112.84033434000986,99.54697163899739
Kisolon,May,LSTM-GRU,103.40955663372208,89.89944966634114
Kisolon,May,BiLSTM,89.52960639787273,75.03277079264323
Kisolon,May,Transformer,138.41363154154172,129.43767293294272
Kisolon,Jun,ARIMA,166.31375465771552,98.71577852923399
Kisolon,Jun,LSTM,142.15018200309962,110.70464579264323
Kisolon,Jun,GRU,167.39350801303422,141.52916971842447
Kisolon,Jun,LSTM-GRU,143.08164915208354,112.2345682779948
Kisolon,Jun,BiLSTM,159.45954802188527,132.5615692138672
Kisolon,Jun,Transformer,145.18661901061736,114.70948282877605
Kisolon,Jul,ARIMA,154.00017560510656,121.66252851654629
Kisolon,Jul,LSTM,69.62010489997044,56.0693105061849
Kisolon,Jul,GRU,68.01877789697672,52.486602783203125
Kisolon,Jul,LSTM-GRU,62.34965078893623,49.162078857421875
Kisolon,Jul,BiLSTM,66.4564618131069,51.19213358561198
Kisolon,Jul,Transformer,51.1188577696063,40.257853190104164
Kisolon,Aug,ARIMA,73.78522805784,67.03464718999754
Kisolon,Aug,LSTM,48.74512489782998,40.97649129231771
Kisolon,Aug,GRU,49.10213779163437,42.167643229166664
Kisolon,Aug,LSTM-GRU,45.73840908919304,37.58333841959635
Kisolon,Aug,BiLSTM,47.511348177503024,39.90714009602865
Kisolon,Aug,Transformer,34.87047136202142,28.051849365234375
Kisolon,Sep,ARIMA,33.108841222305685,25.527096196354325
Kisolon,Sep,LSTM,70.30105703004192,56.70979309082031
Kisolon,Sep,GRU,62.481568064143026,52.66502888997396
Kisolon,Sep,LSTM-GRU,54.60046007869399,49.062967936197914
Kisolon,Sep,BiLSTM,78.12104838541593,65.1414794921875
Kisolon,Sep,Transformer,38.41850395384471,36.11251322428385
Kisolon,Oct,ARIMA,206.48021220750246,176.67642773315848
Kisolon,Oct,LSTM,17.648532530836547,13.787343343098959
Kisolon,Oct,GRU,22.234915941239237,15.523686726888021
Kisolon,Oct,LSTM-GRU,18.8197584006674,14.250717163085938
Kisolon,Oct,BiLSTM,20.900862533258213,15.483973185221354
Kisolon,Oct,Transformer,18.67842890574103,18.276458740234375
Kisolon,Nov,ARIMA,61.85632166481715,37.75093631909985
Kisolon,Nov,LSTM,96.937598956525,78.37483723958333
Kisolon,Nov,GRU,96.69821130860352,76.91751607259114
Kisolon,Nov,LSTM-GRU,101.21675429097591,82.90664672851562
Kisolon,Nov,BiLSTM,100.36821473538724,81.40530904134114
Kisolon,Nov,Transformer,93.93952532985618,73.62344868977864
Kisolon,Dec,ARIMA,119.35754483799482,106.22440270066147
Kisolon,Dec,LSTM,54.22748995949895,39.9640858968099
Kisolon,Dec,GRU,51.38586067638814,35.54646301269531
Kisolon,Dec,LSTM-GRU,54.63470398809392,41.81553649902344
Kisolon,Dec,BiLSTM,51.34508884876338,37.912577311197914
Kisolon,Dec,Transformer,43.40709023982778,29.16620381673177
PhilipsManolo,Jan,ARIMA,92.39807169332708,82.21407116890383
PhilipsManolo,Jan,LSTM,207.37454890023292,186.36174519856772
PhilipsManolo,Jan,GRU,213.54427067883637,188.90832010904947
PhilipsManolo,Jan,LSTM-GRU,207.30753906401316,186.14979553222656
PhilipsManolo,Jan,BiLSTM,206.55594136827295,185.93240356445312
PhilipsManolo,Jan,Transformer,215.37189808644763,189.48456573486328
PhilipsManolo,Feb,ARIMA,93.48913444624874,82.64651302855621
PhilipsManolo,Feb,LSTM,66.73189906104513,52.991845194498694
PhilipsManolo,Feb,GRU,66.6105368907713,53.586248779296874
PhilipsManolo,Feb,LSTM-GRU,63.83486745568142,51.61610514322916
PhilipsManolo,Feb,BiLSTM,64.19826459372571,51.307231648763015
PhilipsManolo,Feb,Transformer,56.18814624364349,42.34413248697917
PhilipsManolo,Mar,ARIMA,32.16349373579945,31.207397123458275
PhilipsManolo,Mar,LSTM,36.65675846109517,30.868861389160156
PhilipsManolo,Mar,GRU,39.1171517219166,33.97556864420573
PhilipsManolo,Mar,LSTM-GRU,39.82470924321252,34.66992492675781
PhilipsManolo,Mar,BiLSTM,37.59294023230759,31.95580342610677
PhilipsManolo,Mar,Transformer,39.2310488002717,34.145793151855464
PhilipsManolo,Apr,ARIMA,59.27165725175739,38.89695167937689
PhilipsManolo,Apr,LSTM,83.42934500622954,72.27408548990884
PhilipsManolo,Apr,GRU,84.90229380743811,73.47700703938801
PhilipsManolo,Apr,LSTM-GRU,85.95605647493207,74.91024983723958
PhilipsManolo,Apr,BiLSTM,95.24799090314468,83.79850972493489
PhilipsManolo,Apr,Transformer,81.08086453520144,69.30385538736978
PhilipsManolo,May,ARIMA,361.33743741661317,317.4929765168011
PhilipsManolo,May,LSTM,71.2488881693817,60.667884318033856
PhilipsManolo,May,GRU,67.95481060921959,59.74215901692708
PhilipsManolo,May,LSTM-GRU,73.4597866818575,65.80347900390625
PhilipsManolo,May,BiLSTM,70.37205841695733,59.53728434244792
PhilipsManolo,May,Transformer,63.681551108891384,55.432761637369794
PhilipsManolo,Jun,ARIMA,200.6597977597898,190.47799828994576
PhilipsManolo,Jun,LSTM,102.63983576185234,87.27747802734376
PhilipsManolo,Jun,GRU,102.09166423007804,84.99778442382814
PhilipsManolo,Jun,LSTM-GRU,102.21638820399642,85.88760579427084
PhilipsManolo,Jun,BiLSTM,101.85970778380494,87.28744710286459
PhilipsManolo,Jun,Transformer,101.50233462478243,82.31467895507814
PhilipsManolo,Jul,ARIMA,205.41829481801807,154.82343120669958
PhilipsManolo,Jul,LSTM,99.76282914651107,86.80434977213542
PhilipsManolo,Jul,GRU,98.70383932721056,85.57269083658855
PhilipsManolo,Jul,LSTM-GRU,98.11879956027173,85.711474609375
PhilipsManolo,Jul,BiLSTM,98.0713772678888,85.65467122395835
PhilipsManolo,Jul,Transformer,96.6180175779972,88.78096313476563
PhilipsManolo,Aug,ARIMA,169.36897081595316,104.11154894820383
PhilipsManolo,Aug,LSTM,143.3382924310318,133.21139729817708
PhilipsManolo,Aug,GRU,144.66577287649562,134.22758178710936
PhilipsManolo,Aug,LSTM-GRU,144.8585025078864,134.52373453776042
PhilipsManolo,Aug,BiLSTM,143.29824689440787,133.28919677734373
PhilipsManolo,Aug,Transformer,142.19761501718082,133.1936258951823
PhilipsManolo,Sep,ARIMA,128.83537232904538,86.01283182348573
PhilipsManolo,Sep,LSTM,32.74247558764061,29.56248168945312
PhilipsManolo,Sep,GRU,21.05530959809206,18.68650512695312
PhilipsManolo,Sep,LSTM-GRU,22.79632730933109,21.377331542968744
PhilipsManolo,Sep,BiLSTM,30.29323762413235,26.931540934244783
PhilipsManolo,Sep,Transformer,20.9960363288792,17.707063802083326
PhilipsManolo,Oct,ARIMA,345.79194342027995,311.963538061459
PhilipsManolo,Oct,LSTM,128.72403589760856,86.57594807942708
PhilipsManolo,Oct,GRU,131.28207753589888,86.06791178385417
PhilipsManolo,Oct,LSTM-GRU,130.23800766900607,86.1094462076823
PhilipsManolo,Oct,BiLSTM,129.5408006655685,87.6667989095052
PhilipsManolo,Oct,Transformer,137.7235638859892,87.21993001302083
PhilipsManolo,Nov,ARIMA,254.79202391521386,173.80644414614673
PhilipsManolo,Nov,LSTM,66.64041469437618,58.5639902750651
PhilipsManolo,Nov,GRU,68.36690433140551,59.24422709147135
PhilipsManolo,Nov,LSTM-GRU,65.90614928728569,57.247100830078125
PhilipsManolo,Nov,BiLSTM,67.42871136958239,58.46452331542969
PhilipsManolo,Nov,Transformer,47.22005033386562,42.2075449625651
PhilipsManolo,Dec,ARIMA,89.02057457951534,78.22698318486304
PhilipsManolo,Dec,LSTM,36.05170269166717,25.67449900309245
PhilipsManolo,Dec,GRU,34.38935530504532,24.06334126790365
PhilipsManolo,Dec,LSTM-GRU,33.15651336772825,21.487161763509118
PhilipsManolo,Dec,BiLSTM,35.06485355328993,24.68982391357422
PhilipsManolo,Dec,Transformer,43.972045700344744,36.36104024251302
Sasa,Jan,ARIMA,113.64793603934578,93.18189583513191
Sasa,Jan,LSTM,176.88605749610747,130.3012878417969
Sasa,Jan,GRU,182.01637303276698,132.74299926757814
Sasa,Jan,LSTM-GRU,179.14323498459964,131.75904642740886
Sasa,Jan,BiLSTM,180.41152416566788,132.49801432291667
Sasa,Jan,Transformer,192.50083878741924,146.7901814778646
Sasa,Feb,ARIMA,66.28442860048189,38.81755719914776
Sasa,Feb,LSTM,77.017552442087,69.87618408203126
Sasa,Feb,GRU,77.9657980595231,69.94153238932292
Sasa,Feb,LSTM-GRU,80.13428837353871,73.51607666015626
Sasa,Feb,BiLSTM,79.07354741095723,72.46463419596354
Sasa,Feb,Transformer,88.07232225552804,82.80511627197266
Sasa,Mar,ARIMA,75.00025120974541,45.573548922948866
Sasa,Mar,LSTM,39.64830435430033,35.86340433756511
Sasa,Mar,GRU,39.14687330519284,32.41073710123698
Sasa,Mar,LSTM-GRU,39.38567596540581,34.830257161458334
Sasa,Mar,BiLSTM,41.33652010983022,37.473130289713545
Sasa,Mar,Transformer,40.18993122672205,32.70504302978516
Sasa,Apr,ARIMA,86.66368114941838,76.97737436648823
Sasa,Apr,LSTM,55.451742467442244,36.833728027343746
Sasa,Apr,GRU,53.69723626404342,36.095716349283855
Sasa,Apr,LSTM-GRU,53.959699702849186,37.145129394531246
Sasa,Apr,BiLSTM,52.95693819878383,37.02298278808593
Sasa,Apr,Transformer,58.37292956550231,34.0009516398112
Sasa,May,ARIMA,146.39644600205952,142.11513681712162
Sasa,May,LSTM,65.9207664306615,44.36156819661459
Sasa,May,GRU,72.74395459156123,52.802150472005216
Sasa,May,LSTM-GRU,69.09806470707352,47.38636983235677
Sasa,May,BiLSTM,65.2214878097025,44.463145955403654
Sasa,May,Transformer,65.63756961725613,44.199962361653654
Sasa,Jun,ARIMA,112.75088650627416,89.98369431783436
Sasa,Jun,LSTM,28.040907109451336,24.50506286621093
Sasa,Jun,GRU,23.349814245294585,20.427644856770826
Sasa,Jun,LSTM-GRU,29.656044713958572,24.289084879557283
Sasa,Jun,BiLSTM,28.130484145455007,26.401745605468744
Sasa,Jun,Transformer,39.64439402011765,27.24066772460937
Sasa,Jul,ARIMA,232.53060969512637,190.49689554778695
Sasa,Jul,LSTM,42.812458126136676,41.98262125651041
Sasa,Jul,GRU,44.44326534927214,44.17585347493489
Sasa,Jul,LSTM-GRU,44.164483312959106,43.58183390299479
Sasa,Jul,BiLSTM,42.47310110201275,41.672064208984374
Sasa,Jul,Transformer,51.286307950949116,48.21599934895833
Sasa,Aug,ARIMA,141.3401093065554,111.91847547429846
Sasa,Aug,LSTM,52.96162455177143,44.09489949544271
Sasa,Aug,GRU,60.599358295856355,51.54405212402344
Sasa,Aug,LSTM-GRU,52.82439472158022,43.938751220703125
Sasa,Aug,BiLSTM,50.46606542421331,41.30633036295573
Sasa,Aug,Transformer,69.43311268111701,61.8709716796875
Sasa,Sep,ARIMA,54.60331469189608,44.71542702312971
Sasa,Sep,LSTM,95.71811284127409,90.22473958333332
Sasa,Sep,GRU,90.0761729168481,86.74959615071613
Sasa,Sep,LSTM-GRU,96.26887462480745,92.98349812825519
Sasa,Sep,BiLSTM,96.03715745374276,92.42954305013019
Sasa,Sep,Transformer,96.05868644220129,88.49261779785155
Sasa,Oct,ARIMA,116.63628820988792,90.7846437128871
Sasa,Oct,LSTM,96.89983277426592,63.48074645996095
Sasa,Oct,GRU,95.0253150265458,63.28522033691407
Sasa,Oct,LSTM-GRU,88.72929842951305,60.004290771484385
Sasa,Oct,BiLSTM,95.43437560043179,62.70946044921876
Sasa,Oct,Transformer,100.15399442605279,65.32786865234375
Sasa,Nov,ARIMA,73.82543215246113,62.077070474724856
Sasa,Nov,LSTM,34.14796879796874,28.131181844075517
Sasa,Nov,GRU,36.17754741364969,22.42348429361979
Sasa,Nov,LSTM-GRU,35.679702136135866,27.746889241536454
Sasa,Nov,BiLSTM,37.28323132593938,27.31668294270833
Sasa,Nov,Transformer,38.66087436112684,25.399098714192704
Sasa,Dec,ARIMA,357.0189804545217,278.2823446780331
Sasa,Dec,LSTM,94.90963110445978,83.50372263590495
Sasa,Dec,GRU,96.71185414333766,86.03963928222656
Sasa,Dec,LSTM-GRU,92.96073662963184,81.84360707600912
Sasa,Dec,BiLSTM,95.01266181258899,83.14663899739584
Sasa,Dec,Transformer,95.3543785413909,83.00894368489584
BagoOshiro,Jan,ARIMA,72.14515677357292,67.75518718725624
BagoOshiro,Jan,LSTM,125.1875127537211,89.91250305175781
BagoOshiro,Jan,GRU,126.64385074890318,89.1003438313802
BagoOshiro,Jan,LSTM-GRU,125.2396920590498,89.46476949055989
BagoOshiro,Jan,BiLSTM,123.88672175986365,89.18033040364583
BagoOshiro,Jan,Transformer,140.98681656206548,99.35834248860677
BagoOshiro,Feb,ARIMA,54.56592974769611,37.64705763724412
BagoOshiro,Feb,LSTM,158.95740311323115,136.49293823242186
BagoOshiro,Feb,GRU,158.85002221403286,135.48458150227864
BagoOshiro,Feb,LSTM-GRU,158.90729672122526,136.6012196858724
BagoOshiro,Feb,BiLSTM,158.4575157806283,136.23422800699868
BagoOshiro,Feb,Transformer,166.7662504913183,146.1094797770182
BagoOshiro,Mar,ARIMA,38.13584239500807,36.224445892816604
BagoOshiro,Mar,LSTM,71.52911983383022,69.79586690266927
BagoOshiro,Mar,GRU,64.74922896514595,63.65507405598959
BagoOshiro,Mar,LSTM-GRU,56.51667417244565,55.0353993733724
BagoOshiro,Mar,BiLSTM,65.86025533621071,64.63352864583334
BagoOshiro,Mar,Transformer,19.15053244252486,15.648024495442707
BagoOshiro,Apr,ARIMA,55.86826004911987,46.69755387596445
BagoOshiro,Apr,LSTM,43.09158335528635,31.525742594401038
BagoOshiro,Apr,GRU,38.003774814930495,27.32293802897135
BagoOshiro,Apr,LSTM-GRU,43.2038490991155,31.537207031249995
BagoOshiro,Apr,BiLSTM,43.34304110065563,29.830740356445308
BagoOshiro,Apr,Transformer,50.657920278543905,34.4300313313802
BagoOshiro,May,ARIMA,212.74175040831574,197.14629860853577
BagoOshiro,May,LSTM,67.18142650804467,65.13068949381511
BagoOshiro,May,GRU,56.19008800688862,49.25195617675782
BagoOshiro,May,LSTM-GRU,88.37695810035027,86.48961181640625
BagoOshiro,May,BiLSTM,62.56866096881747,59.42434997558595
BagoOshiro,May,Transformer,91.04687975832573,89.09522298177085
BagoOshiro,Jun,ARIMA,200.94258861979895,184.6577068663518
BagoOshiro,Jun,LSTM,113.21641808098994,85.51246948242188
BagoOshiro,Jun,GRU,118.00235967666868,83.6192097981771
BagoOshiro,Jun,LSTM-GRU,117.04562834514473,85.2769246419271
BagoOshiro,Jun,BiLSTM,117.96371525186262,84.1698486328125
BagoOshiro,Jun,Transformer,125.65337923667839,80.94714660644532
BagoOshiro,Jul,ARIMA,60.6264287781179,59.10659384016939
BagoOshiro,Jul,LSTM,45.076387386682875,37.50211995442709
BagoOshiro,Jul,GRU,47.45983016981195,39.18354695638021
BagoOshiro,Jul,LSTM-GRU,46.29389939627014,44.9107401529948
BagoOshiro,Jul,BiLSTM,46.68209322590657,39.45518391927084
BagoOshiro,Jul,Transformer,66.0925460328365,60.544524129231775
BagoOshiro,Aug,ARIMA,72.46173752502534,46.033266303382135
BagoOshiro,Aug,LSTM,50.47298794145356,42.723718261718744
BagoOshiro,Aug,GRU,36.801864559027926,30.500727335611987
BagoOshiro,Aug,LSTM-GRU,43.99430796735739,36.16754048665364
BagoOshiro,Aug,BiLSTM,48.10985140312385,40.25721130371093
BagoOshiro,Aug,Transformer,23.73394657375644,23.584737141927093
BagoOshiro,Sep,ARIMA,107.77771428520552,81.81517867283341
BagoOshiro,Sep,LSTM,57.68516221268067,52.015369669596346
BagoOshiro,Sep,GRU,58.556056709411905,48.414565022786455
BagoOshiro,Sep,LSTM-GRU,58.70014907000506,48.051405843098955
BagoOshiro,Sep,BiLSTM,57.77317751297123,52.25958150227864
BagoOshiro,Sep,Transformer,59.31758457607784,45.30968627929687
BagoOshiro,Oct,ARIMA,96.13450642158118,56.10409531786505
BagoOshiro,Oct,LSTM,123.49957302801029,87.89832865397136
BagoOshiro,Oct,GRU,126.34766246815101,89.92520243326824
BagoOshiro,Oct,LSTM-GRU,122.64896449467194,85.86587829589844
BagoOshiro,Oct,BiLSTM,125.9394324828893,90.63352254231772
BagoOshiro,Oct,Transformer,138.47894111553995,105.9009989420573
BagoOshiro,Nov,ARIMA,135.6407294505799,114.00655886980053
BagoOshiro,Nov,LSTM,26.354937964045064,19.57100219726563
BagoOshiro,Nov,GRU,25.19705842242534,18.875781250000006
BagoOshiro,Nov,LSTM-GRU,24.193685877891237,18.46448059082032
BagoOshiro,Nov,BiLSTM,26.4613670392589,19.641487630208342
BagoOshiro,Nov,Transformer,26.765453387142564,19.945722452799487
BagoOshiro,Dec,ARIMA,51.20705442615491,43.9323361086447
BagoOshiro,Dec,LSTM,31.027909882649784,30.92792256673177
BagoOshiro,Dec,GRU,29.374297713401948,28.950439453125
BagoOshiro,Dec,LSTM-GRU,30.325418488454044,30.20074462890625
BagoOshiro,Dec,BiLSTM,31.606848301632642,31.553741455078125
BagoOshiro,Dec,Transformer,36.46667072784162,36.04790751139323
Impasug-ong,Jan,ARIMA,158.5274872468067,147.24186505771192
Impasug-ong,Feb,ARIMA,136.56917283172015,129.7971118786692
Impasug-ong,Mar,ARIMA,95.83839606484874,88.69759112071085
Impasug-ong,Apr,ARIMA,52.43713174025223,50.68180599772836
Impasug-ong,May,ARIMA,157.34637840457896,106.90104297703232
Impasug-ong,Jun,ARIMA,118.02791406282064,78.88464356948685
Impasug-ong,Jul,ARIMA,308.55443153449465,282.86865697399577
Impasug-ong,Aug,ARIMA,280.05609978724726,255.62336483393847
Impasug-ong,Sep,ARIMA,209.3874602215565,184.2929849547836
Impasug-ong,Oct,ARIMA,127.63980218162965,119.53578406949664
Impasug-ong,Nov,ARIMA,177.9924910793345,166.66488258950673
Impasug-ong,Dec,ARIMA,98.11564928571896,89.67926352246542
